{"cameraMode":{"drawMode":0,"name":"Shaded","section":"Shading Mode"},"sceneLighting":false,"audioPlay":false,"sceneViewState":{"m_AlwaysRefresh":false,"showFog":true,"showSkybox":false,"showFlares":true,"showImageEffects":true,"showParticleSystems":true,"showVisualEffectGraphs":true,"m_FxEnabled":true},"in2DMode":false,"pivot":{"x":12.85099983215332,"y":2.1710000038146974,"z":0.7300000190734863},"rotation":{"x":-0.01084947120398283,"y":-0.9695058465003967,"z":0.043657638132572177,"w":-0.24095915257930757},"size":0.4346179664134979,"orthographic":false}