{"cameraMode":{"drawMode":0,"name":"Shaded","section":"Shading Mode"},"sceneLighting":false,"audioPlay":false,"sceneViewState":{"m_AlwaysRefresh":false,"showFog":true,"showSkybox":false,"showFlares":true,"showImageEffects":true,"showParticleSystems":true,"showVisualEffectGraphs":true,"m_FxEnabled":true},"in2DMode":false,"pivot":{"x":-0.07567577064037323,"y":0.5016894340515137,"z":1.1075984239578248},"rotation":{"x":0.0076589928939938549,"y":0.525135338306427,"z":-0.0047261896543204788,"w":0.8509727120399475},"size":0.9298229217529297,"orthographic":false}