{"cameraMode":{"drawMode":0,"name":"Shaded","section":"Shading Mode"},"sceneLighting":false,"audioPlay":false,"sceneViewState":{"m_AlwaysRefresh":false,"showFog":true,"showSkybox":false,"showFlares":true,"showImageEffects":true,"showParticleSystems":true,"showVisualEffectGraphs":true,"m_FxEnabled":true},"in2DMode":false,"pivot":{"x":-0.7306128740310669,"y":0.14258871972560883,"z":0.24786311388015748},"rotation":{"x":0.0001495185715612024,"y":-0.9991980195045471,"z":0.040489889681339267,"w":0.0038967691361904146},"size":0.47150999307632449,"orthographic":true}