{"cameraMode":{"drawMode":0,"name":"Shaded","section":"Shading Mode"},"sceneLighting":false,"audioPlay":false,"sceneViewState":{"m_AlwaysRefresh":false,"showFog":true,"showSkybox":false,"showFlares":true,"showImageEffects":true,"showParticleSystems":true,"showVisualEffectGraphs":true,"m_FxEnabled":true},"in2DMode":false,"pivot":{"x":-5.517980098724365,"y":2.8134114742279054,"z":1.0207552909851075},"rotation":{"x":-0.059741027653217319,"y":0.8055897355079651,"z":-0.08245619386434555,"w":-0.5836620926856995},"size":1.4635200500488282,"orthographic":true}