{"cameraMode":{"drawMode":0,"name":"Shaded","section":"Shading Mode"},"sceneLighting":false,"audioPlay":false,"sceneViewState":{"m_AlwaysRefresh":false,"showFog":true,"showSkybox":false,"showFlares":true,"showImageEffects":true,"showParticleSystems":true,"showVisualEffectGraphs":true,"m_FxEnabled":true},"in2DMode":false,"pivot":{"x":-5.120576858520508,"y":2.4770994186401369,"z":2.0925354957580568},"rotation":{"x":-0.001752721262164414,"y":-0.9969568252563477,"z":0.023333130404353143,"w":-0.07491660118103028},"size":1.4688000679016114,"orthographic":true}