{"cameraMode":{"drawMode":0,"name":"Shaded","section":"Shading Mode"},"sceneLighting":false,"audioPlay":false,"sceneViewState":{"m_AlwaysRefresh":false,"showFog":true,"showSkybox":false,"showFlares":true,"showImageEffects":true,"showParticleSystems":true,"showVisualEffectGraphs":true,"m_FxEnabled":true},"in2DMode":false,"pivot":{"x":-0.6786231994628906,"y":0.021384134888648988,"z":0.4260138273239136},"rotation":{"x":-0.00017959633260034025,"y":-0.999841034412384,"z":-0.011998428963124752,"w":0.014398378320038319},"size":0.5314370393753052,"orthographic":false}